Country Name;Country Code;Indicator Name;1990;1991;1992;1993;1994;1995;1996;1997;1998;1999;2000;2001;2002;2003;2004;2005;2006;2007;2008;2009;2010;2011;2012;2013;2014;2015;2016;2017;2018;2019;2020;2021;2022;2023
Aruba;ABW;Educational attainment, Doctoral or equivalent, population 25+, female (%) (cumulative);;;;;;;;;;;;;;;;;;;;;;;;;;;;;;;;;;
Africa Eastern and Southern;AFE;Educational attainment, Doctoral or equivalent, population 25+, female (%) (cumulative);;;;;;;;;;;;;;;;;;;;;;;;;;;;;;;;;;
Afghanistan;AFG;Educational attainment, Doctoral or equivalent, population 25+, female (%) (cumulative);;;;;;;;;;;;;;;;;;;;;;;;;0;;;0,068376191;;;0;0;;
Africa Western and Central;AFW;Educational attainment, Doctoral or equivalent, population 25+, female (%) (cumulative);;;;;;;;;;;;;;;;;;;;;;;;;;;;;;;;;;
Angola;AGO;Educational attainment, Doctoral or equivalent, population 25+, female (%) (cumulative);;;;;;;;;;;;;;;0;;;;;0;;0;;;0,035731629;;;;;0;;0;;
Albania;ALB;Educational attainment, Doctoral or equivalent, population 25+, female (%) (cumulative);;;;;;;;;;;;;0;;;0;;;;;;0;0,10887;0;0,033729568;0,087753214;0,079530261;0,066608742;0,245458096;0,201235667;;;;
Andorra;AND;Educational attainment, Doctoral or equivalent, population 25+, female (%) (cumulative);;;;;;;;;;;;;;;;;;;;;;;;;;;;;;;;;0,1998;
Arab World;ARB;Educational attainment, Doctoral or equivalent, population 25+, female (%) (cumulative);;;;;;;;;;;;;;;;;;;;;;;;;;;;;;;;;;
United Arab Emirates;ARE;Educational attainment, Doctoral or equivalent, population 25+, female (%) (cumulative);;;;;;;;;;;;;;;;;;;;;;;;;;;;0,465409994;0,565800011;0,609179974;;0,679660022;0,557280004;
Argentina;ARG;Educational attainment, Doctoral or equivalent, population 25+, female (%) (cumulative);;;;;;;;;;;;;;;;;;;;;;;;;;;;;;;;;;
Armenia;ARM;Educational attainment, Doctoral or equivalent, population 25+, female (%) (cumulative);;;;;;;;;;;;;;;;;;0,186346516;;0,254662484;0,586091697;0,314005703;0,142354041;0,548347712;;;;;1,007565618;0,807930171;0,661534011;0,998318732;;
American Samoa;ASM;Educational attainment, Doctoral or equivalent, population 25+, female (%) (cumulative);;;;;;;;;;;;;;;;;;;;;;;;;;;;;;;;;;
Antigua and Barbuda;ATG;Educational attainment, Doctoral or equivalent, population 25+, female (%) (cumulative);;;;;;;;;;;;;;;;;;;;;;;;;;;;;;;;;;
Australia;AUS;Educational attainment, Doctoral or equivalent, population 25+, female (%) (cumulative);;;;;;;;;;;;0;0;0;0;0;0;0;0;;;;;;0,845979989;0,973519981;0,894400001;0,997409999;1,075399995;1,216650009;1,381229997;1,592309952;1,67177999;
Austria;AUT;Educational attainment, Doctoral or equivalent, population 25+, female (%) (cumulative);;;;;;;;;;;;;;;;;;;;;;;;;0,520919979;0,511870027;0,533389986;0,639699996;0,70000428;0,813880026;0,812389612;0,721492827;;
Azerbaijan;AZE;Educational attainment, Doctoral or equivalent, population 25+, female (%) (cumulative);;;;;;;;;;;;;;;;;;;;;;;;;;0;0;0;0;0;;0;0,292807996;0,306380004
Burundi;BDI;Educational attainment, Doctoral or equivalent, population 25+, female (%) (cumulative);;;;;;;;;;;;;;;;;;;;;;;;;0;;;;;;;;;
Belgium;BEL;Educational attainment, Doctoral or equivalent, population 25+, female (%) (cumulative);;;;;;;;;;;;;;;;;0;0;0;0;0;0;0;0,365159988;0,301950008;0,382340014;0,430750012;0,450150013;0,541713893;0,429470003;0,385771662;0,522395432;0,783062756;
Benin;BEN;Educational attainment, Doctoral or equivalent, population 25+, female (%) (cumulative);;;;;;;;;;;;;;;;;;;;;;;;;;;;;0;;;;;
Burkina Faso;BFA;Educational attainment, Doctoral or equivalent, population 25+, female (%) (cumulative);;;;;;;;;;;;;;;;;;;;;;;;;0;;;;0,00987;0,116910003;;;;
Bangladesh;BGD;Educational attainment, Doctoral or equivalent, population 25+, female (%) (cumulative);;;;;;;;;;;;;;;;;;;;;;0,04039;0,042289998;0,05226;0,058260001;0,100749999;0,106190003;0,116690002;0,128739998;0,139219999;0,173690006;0,01299;;
Bulgaria;BGR;Educational attainment, Doctoral or equivalent, population 25+, female (%) (cumulative);;;;;;;;;;;;;;;;;0;0;0;0;0;0;0;0;0,210927576;0,245689094;0,290962756;0,292553395;0,295869201;0,268558234;0,29759267;0,267545253;0,293574333;
Bahrain;BHR;Educational attainment, Doctoral or equivalent, population 25+, female (%) (cumulative);;;;;;;;;;;;;;;;;;;;;0,145930007;;;;;;0,184890002;0,189789996;0,194110006;;0,219040006;;0,605949998;
Bahamas, The;BHS;Educational attainment, Doctoral or equivalent, population 25+, female (%) (cumulative);;;;;;;;;;;;;;;;;;;;;0,393150002;;;;;;;;;;;;;
Bosnia and Herzegovina;BIH;Educational attainment, Doctoral or equivalent, population 25+, female (%) (cumulative);;;;;;;;;;;;;;;;;;;;;;;;;;0,052560002;0,138040006;0,12652491;0,174439996;0,216408059;0,131650001;0,109687798;0,173910007;
Belarus;BLR;Educational attainment, Doctoral or equivalent, population 25+, female (%) (cumulative);;;;;;;;;;;;;;;;;;;;;;;;;;;;;;0,264840007;;;;
Belize;BLZ;Educational attainment, Doctoral or equivalent, population 25+, female (%) (cumulative);;;;;;;;;;;;;;;;;;;;;;;;;;;;;;0;;;;
Bermuda;BMU;Educational attainment, Doctoral or equivalent, population 25+, female (%) (cumulative);;;;;;;;;;;;;;;;;;;;;0,649320006;;;;;;1,175590038;;;;;;;
Bolivia;BOL;Educational attainment, Doctoral or equivalent, population 25+, female (%) (cumulative);;;;;;;;;;;0;0;0;;;0;0;0;0,331349224;0;;0;0,205379993;0,100402176;0,086250812;0,156519994;0,052663367;0,057032522;0,037587818;0,111529998;0,071390003;0,045419425;0,038934462;
Brazil;BRA;Educational attainment, Doctoral or equivalent, population 25+, female (%) (cumulative);;;;;;;;;;;;;;;;;;;;;;;;;;;0,172069997;0,178599998;0,2086;;;;;
Barbados;BRB;Educational attainment, Doctoral or equivalent, population 25+, female (%) (cumulative);;;;;;;;;;;;;;;;;;;;;;;;;;;;;;;;;;
Brunei Darussalam;BRN;Educational attainment, Doctoral or equivalent, population 25+, female (%) (cumulative);;;;;;;;;;;;;;;;;;;;;;0,153369993;;;0;;;0,357983023;0,464517564;0,431610554;1,86688745;1,676143289;0,464905918;
Bhutan;BTN;Educational attainment, Doctoral or equivalent, population 25+, female (%) (cumulative);;;;;;;;;;;;;;;;;;;;;;;0,031129999;;0;0;;0,113779999;0;0;0;0;0;
Botswana;BWA;Educational attainment, Doctoral or equivalent, population 25+, female (%) (cumulative);;;;;;;;;;;;;;;;;;;;;;;;;;;;;;0,176292032;0,113995411;0,153069451;0,229788721;
Central African Republic;CAF;Educational attainment, Doctoral or equivalent, population 25+, female (%) (cumulative);;;;;;;;;;;;;;;;;;;;;;;;;;;;;;;;;;
Canada;CAN;Educational attainment, Doctoral or equivalent, population 25+, female (%) (cumulative);0;0;0;0;0;0;0;0;0;0;0;0;0;0;0;0;0;0;0;0;0;0;0;0;0;0;0,687699974;0;0;0;0;0,843869984;0;
Central Europe and the Baltics;CEB;Educational attainment, Doctoral or equivalent, population 25+, female (%) (cumulative);;;;;;;;;;;;;;;;;;;;;;;;;;;;;;;;;;
Switzerland;CHE;Educational attainment, Doctoral or equivalent, population 25+, female (%) (cumulative);;;;;;;;;;;;;;;;;;;;;;;;;1,887079954;1,860669971;1,843420029;1,942049026;2,060250044;2,137000084;2,106791735;2,273426533;2,28520751;
Channel Islands;CHI;Educational attainment, Doctoral or equivalent, population 25+, female (%) (cumulative);;;;;;;;;;;;;;;;;;;;;;;;;;;;;;;;;;
Chile;CHL;Educational attainment, Doctoral or equivalent, population 25+, female (%) (cumulative);;;;;;;;;;;;;;;;;;;;;0,058040492;0,042555146;0,053754319;0,066401951;0,08238434;0,062880076;0,115317747;0,193601742;0,13143003;0,152953938;0,16332294;0,145410448;0,14658685;
China;CHN;Educational attainment, Doctoral or equivalent, population 25+, female (%) (cumulative);;;;;;;;;;;;;;;;;;;;;;;;;;;;;;;0,094420001;;;
Cote d'Ivoire;CIV;Educational attainment, Doctoral or equivalent, population 25+, female (%) (cumulative);;;;;;;;;;;;;;;;;;;;;;;0;0,063957758;;;0;;;0,097352512;;;;
Cameroon;CMR;Educational attainment, Doctoral or equivalent, population 25+, female (%) (cumulative);;;;;;;;;;;;;;;;;;;;;;;;;0,064252339;;;;;;;;;
Congo, Dem. Rep.;COD;Educational attainment, Doctoral or equivalent, population 25+, female (%) (cumulative);;;;;;;;;;;;;;;;0,061758641;;;;;;;0,035755564;;;;0,01429;;;;;;;
Congo, Rep.;COG;Educational attainment, Doctoral or equivalent, population 25+, female (%) (cumulative);;;;;;;;;;;;;;;;;;;;0;;;;;;;;;;;;;;
Colombia;COL;Educational attainment, Doctoral or equivalent, population 25+, female (%) (cumulative);;;;;;;;;;;;;;;;;;;;;;;;;;;;;;;;;0,090931885;
Comoros;COM;Educational attainment, Doctoral or equivalent, population 25+, female (%) (cumulative);;;;;;;;;;;;;;;;;;;;;;;;;0,110968344;;;;;;;0;;
Cabo Verde;CPV;Educational attainment, Doctoral or equivalent, population 25+, female (%) (cumulative);;;;;;;;;;;;;;;;;;;;;;;;;;0,081569999;;;;;;;;
Costa Rica;CRI;Educational attainment, Doctoral or equivalent, population 25+, female (%) (cumulative);;;;;;;;;;;;0,218853459;0,381671637;0,315420926;0,473343372;0,552314997;0,482843429;0,312392265;;;;;;;;;;;0,307000011;;0,126300007;;;
Caribbean small states;CSS;Educational attainment, Doctoral or equivalent, population 25+, female (%) (cumulative);;;;;;;;;;;;;;;;;;;;;;;;;;;;;;;;;;
Cuba;CUB;Educational attainment, Doctoral or equivalent, population 25+, female (%) (cumulative);;;;;;;;;;;;;;;;;;;;;;;0,380970001;;;;;;;;;;;
Curacao;CUW;Educational attainment, Doctoral or equivalent, population 25+, female (%) (cumulative);;;;;;;;;;;;;;;;;;;;;;;;;;;;;0,153466344;;0;;;
Cayman Islands;CYM;Educational attainment, Doctoral or equivalent, population 25+, female (%) (cumulative);;;;;;;;;;;;;;;;;;;;;;;;;;0,915289998;;;;;;;;
Cyprus;CYP;Educational attainment, Doctoral or equivalent, population 25+, female (%) (cumulative);;;;;;;;;;;;;;;;;;;;;;;;0,371280015;0,486559987;0,432040006;0,455069989;0,662509382;0,739889979;0,720683575;0,850300014;0,910950899;0,868324578;
Czechia;CZE;Educational attainment, Doctoral or equivalent, population 25+, female (%) (cumulative);;;;;;;;;;;0;0;0,810314894;0;0;0;0;0;0;0;0;0;0;0;0,325569987;0,443619996;0,484450012;0,45945999;0,419234395;0,451889992;0,562462032;0,60820359;0,598994136;
Germany;DEU;Educational attainment, Doctoral or equivalent, population 25+, female (%) (cumulative);;;;;;;;;;;;;;;;;0;0;0;0;0;0;0;0;0,794960022;0,83464998;0,843859971;0,893995345;0,867770016;0,946155131;1,032969952;1,188826561;1,264355659;
Djibouti;DJI;Educational attainment, Doctoral or equivalent, population 25+, female (%) (cumulative);;;;;;;;;;;;;;;;;;;;;;;;;;;;0;;;;;;
Dominica;DMA;Educational attainment, Doctoral or equivalent, population 25+, female (%) (cumulative);;;;;;;;;;;;;;;;;;;;;;;;;;;;;;;;;;
Denmark;DNK;Educational attainment, Doctoral or equivalent, population 25+, female (%) (cumulative);;;;;;;;;;;;;;;;;0;0;0;0;0;0;0;0;0,617966056;0,451209992;0,669269979;0,685040712;0,612129986;0,734740794;0,934580028;0,875547767;0,896429598;
Dominican Republic;DOM;Educational attainment, Doctoral or equivalent, population 25+, female (%) (cumulative);;;;;;;;;;;;;;;;;;;;;;;;;;0;0;0,08266905;0,152194113;0,306282938;0,240590423;0,135158151;0,159488901;
Algeria;DZA;Educational attainment, Doctoral or equivalent, population 25+, female (%) (cumulative);;;;;;;;;;;;;;;;;;;;;;0,063189998;;;;;;;;;;;;
East Asia & Pacific (excluding high income);EAP;Educational attainment, Doctoral or equivalent, population 25+, female (%) (cumulative);;;;;;;;;;;;;;;;;;;;;;;;;;;;;;;;;;
Early-demographic dividend;EAR;Educational attainment, Doctoral or equivalent, population 25+, female (%) (cumulative);;;;;;;;;;;;;;;;;;;;;;;;;;;;;;;;;;
East Asia & Pacific;EAS;Educational attainment, Doctoral or equivalent, population 25+, female (%) (cumulative);;;;;;;;;;;;;;;;;;;;;;;;;;;;;;;;;;
Europe & Central Asia (excluding high income);ECA;Educational attainment, Doctoral or equivalent, population 25+, female (%) (cumulative);;;;;;;;;;;;;;;;;;;;;;;;;;;;;;;;;;
Europe & Central Asia;ECS;Educational attainment, Doctoral or equivalent, population 25+, female (%) (cumulative);;;;;;;;;;;;;;;;;;;;;;;;;;;;;;;;;;
Ecuador;ECU;Educational attainment, Doctoral or equivalent, population 25+, female (%) (cumulative);;;;;;;;;;;;;;;;;;;;;;;;;;;;;;;;;;
Egypt, Arab Rep.;EGY;Educational attainment, Doctoral or equivalent, population 25+, female (%) (cumulative);;;;;;;;;;;;;;;;;;;;;;;;;;;;0,237839997;;;0;0;;
Euro area;EMU;Educational attainment, Doctoral or equivalent, population 25+, female (%) (cumulative);;;;;;;;;;;;;;;;;;;;;;;;;;;;;;;;;;
Eritrea;ERI;Educational attainment, Doctoral or equivalent, population 25+, female (%) (cumulative);;;;;;;;;;;;;;;;;;;;;;;;;;;;;;;;;;
Spain;ESP;Educational attainment, Doctoral or equivalent, population 25+, female (%) (cumulative);;;;;;;;;;;;;;;;;0;0;0;0;0;0;0;0;0,496197939;0,456508815;0,559400022;0,614048481;0,581539989;0,634455025;0,746110022;0,708898544;0,742308855;
Estonia;EST;Educational attainment, Doctoral or equivalent, population 25+, female (%) (cumulative);;;;;;;;;;;;;;;;;;;;;;;;;0,548278391;0,648864746;0,442105591;0,569386482;0,675845742;0,631860435;0,845920026;0,609530449;0,763635993;
Ethiopia;ETH;Educational attainment, Doctoral or equivalent, population 25+, female (%) (cumulative);;;;;;;;;;;;;;;;;;;;;;;;0;;;;;;;;;;
European Union;EUU;Educational attainment, Doctoral or equivalent, population 25+, female (%) (cumulative);;;;;;;;;;;;;;;;;;;;;;;;;;;;;;;;;;
Fragile and conflict affected situations;FCS;Educational attainment, Doctoral or equivalent, population 25+, female (%) (cumulative);;;;;;;;;;;;;;;;;;;;;;;;;;;;;;;;;;
Finland;FIN;Educational attainment, Doctoral or equivalent, population 25+, female (%) (cumulative);;;;;;;;;;;;;;;;;0;0;0;0;0;0;0,809570014;0,84878999;0,884570003;0,915499985;0,961134613;0,988940001;0,911874533;1,074990034;1,247150183;1,181085467;1,296856642;
Fiji;FJI;Educational attainment, Doctoral or equivalent, population 25+, female (%) (cumulative);;;;;;;;;;;;;;;;;;;;;;;;;0,018713599;;;0,048110001;;;;;;
France;FRA;Educational attainment, Doctoral or equivalent, population 25+, female (%) (cumulative);;;;;;;;;;;;;;;;;;;;;;;;;0,492680013;0,556840003;0,612360001;0,636969984;0,649742126;0,648119986;0,677789986;0,721164286;0,687478185;
Faroe Islands;FRO;Educational attainment, Doctoral or equivalent, population 25+, female (%) (cumulative);;;;;;;;;;;;;;;;;;;;;;;;;;;;;;;;;;
Micronesia, Fed. Sts.;FSM;Educational attainment, Doctoral or equivalent, population 25+, female (%) (cumulative);;;;;;;;;;;;;;;;;;;;;;;;;0;;;;;;;;;
Gabon;GAB;Educational attainment, Doctoral or equivalent, population 25+, female (%) (cumulative);;;;;;;;;;;;;;;;;;;;;;;;;;;;;;;;;;
United Kingdom;GBR;Educational attainment, Doctoral or equivalent, population 25+, female (%) (cumulative);;;;;;;;;;;;;;;;;0;0;0;0;0;0;0;0,629620016;0,649609983;0,925206423;0,902841568;0,824599981;1,078735113;1,071727395;0,880089998;1,166470051;;
Georgia;GEO;Educational attainment, Doctoral or equivalent, population 25+, female (%) (cumulative);;;;;;;;;;;;;;;;;;;;0;0;0,195473582;0,13865;0,199810266;0,208020002;0,233427867;0,370079994;0,545249999;0,584987998;0,459509999;0,39246738;;0,466199994;
Ghana;GHA;Educational attainment, Doctoral or equivalent, population 25+, female (%) (cumulative);;;;;;;;;;;;;;;;;0;;;;0;;;0;;0;;0;;;;;;
Gibraltar;GIB;Educational attainment, Doctoral or equivalent, population 25+, female (%) (cumulative);;;;;;;;;;;;;;;;;;;;;;;;;;;;;;;;;;
Guinea;GIN;Educational attainment, Doctoral or equivalent, population 25+, female (%) (cumulative);;;;;;;;;;;;;;;;;;;;;;;;;;;;;0,02664;0,446301579;;;;
Gambia, The;GMB;Educational attainment, Doctoral or equivalent, population 25+, female (%) (cumulative);;;;;;;;;;;;;;;;;;;;;;;;;;;;;0;;;;;
Guinea-Bissau;GNB;Educational attainment, Doctoral or equivalent, population 25+, female (%) (cumulative);;;;;;;;;;;;;;;;;;;;;;;;;;;;;0;;;;;
Equatorial Guinea;GNQ;Educational attainment, Doctoral or equivalent, population 25+, female (%) (cumulative);;;;;;;;;;;;;;;;;;;;;;;;;;;;;;;;;;
Greece;GRC;Educational attainment, Doctoral or equivalent, population 25+, female (%) (cumulative);;;;;;;;;;;;;;;;;;;;;;;;;0,325910002;0,331209987;0,34246999;0,326402605;0,344143808;0,428693086;0,45442;0,517911673;0,610108078;
Grenada;GRD;Educational attainment, Doctoral or equivalent, population 25+, female (%) (cumulative);;;;;;;;;;;;;;;;;;;;;;;;;;;;;;;;;;
Greenland;GRL;Educational attainment, Doctoral or equivalent, population 25+, female (%) (cumulative);;;;;;;;;;;;;;;;;;;;;0,110881135;0,109593041;0,111160003;0,107257776;0,097560003;0,109279998;;;0,081629999;0,087690003;;;;
Guatemala;GTM;Educational attainment, Doctoral or equivalent, population 25+, female (%) (cumulative);;;;;;;;;;;;;;;;;;;;;;;0;0;0;;;;;0;;;;
Guam;GUM;Educational attainment, Doctoral or equivalent, population 25+, female (%) (cumulative);;;;;;;;;;;;;;;;;;;;;;;;;;;;;;;;;;
Guyana;GUY;Educational attainment, Doctoral or equivalent, population 25+, female (%) (cumulative);;;;;;;;;;;;;;;;;;;;;;;;;;;;;0,064189918;0,062138058;;;;
High income;HIC;Educational attainment, Doctoral or equivalent, population 25+, female (%) (cumulative);;;;;;;;;;;;;;;;;;;;;;;;;;;;;;;;;;
Hong Kong SAR, China;HKG;Educational attainment, Doctoral or equivalent, population 25+, female (%) (cumulative);;;;;;;;;;;;;;;;;;;;;;;;;;;;;;;;;;
Honduras;HND;Educational attainment, Doctoral or equivalent, population 25+, female (%) (cumulative);;;;;;;;;;;;;;;;0;0;0;0;0;0;0;0;0;0;0;0;0;0;0;;;;
Heavily indebted poor countries (HIPC);HPC;Educational attainment, Doctoral or equivalent, population 25+, female (%) (cumulative);;;;;;;;;;;;;;;;;;;;;;;;;;;;;;;;;;
Croatia;HRV;Educational attainment, Doctoral or equivalent, population 25+, female (%) (cumulative);;;;;;;;;;;;;;;;;0;0;0;0;0;0;0;0;0,323997736;0,352625668;0,390268713;0,368107826;0,475143284;0,439559877;0,462479651;0,682193041;0,65167743;
Haiti;HTI;Educational attainment, Doctoral or equivalent, population 25+, female (%) (cumulative);;;;;;;;;;;;;;;;;;;;;;;0;;;;;;;;;;;
Hungary;HUN;Educational attainment, Doctoral or equivalent, population 25+, female (%) (cumulative);;;;;;;;;;;;;;;;;;;;;;;;0,467709988;0,541270018;0,691280007;0,594169974;0,527664542;0,564589322;0,497251779;0,549960017;0,404612631;0,340170532;
IBRD only;IBD;Educational attainment, Doctoral or equivalent, population 25+, female (%) (cumulative);;;;;;;;;;;;;;;;;;;;;;;;;;;;;;;;;;
IDA & IBRD total;IBT;Educational attainment, Doctoral or equivalent, population 25+, female (%) (cumulative);;;;;;;;;;;;;;;;;;;;;;;;;;;;;;;;;;
IDA total;IDA;Educational attainment, Doctoral or equivalent, population 25+, female (%) (cumulative);;;;;;;;;;;;;;;;;;;;;;;;;;;;;;;;;;
IDA blend;IDB;Educational attainment, Doctoral or equivalent, population 25+, female (%) (cumulative);;;;;;;;;;;;;;;;;;;;;;;;;;;;;;;;;;
Indonesia;IDN;Educational attainment, Doctoral or equivalent, population 25+, female (%) (cumulative);;;;;;;;;;;;;;;;;;;;;;0;0;0;0;0,02043;0,027899999;0,01845252;0,02802;0,018037746;0,02946;0,02313992;0,021977268;
IDA only;IDX;Educational attainment, Doctoral or equivalent, population 25+, female (%) (cumulative);;;;;;;;;;;;;;;;;;;;;;;;;;;;;;;;;;
Isle of Man;IMN;Educational attainment, Doctoral or equivalent, population 25+, female (%) (cumulative);;;;;;;;;;;;;;;;;;;;;;;;;;;;;;;;;;
India;IND;Educational attainment, Doctoral or equivalent, population 25+, female (%) (cumulative);;;;;;;;;;;;;;;;;;;;;;;;;;;;;;;;;;
Not classified;INX;Educational attainment, Doctoral or equivalent, population 25+, female (%) (cumulative);;;;;;;;;;;;;;;;;;;;;;;;;;;;;;;;;;
Ireland;IRL;Educational attainment, Doctoral or equivalent, population 25+, female (%) (cumulative);;;;;;;;;;;;;;;;;0;0;0;0;0;0,632960021;0;0;0,702637196;0,874216974;0,875504613;0,851729989;1,020932674;1,035018444;1,055389881;1,172035813;1,348545909;
Iran, Islamic Rep.;IRN;Educational attainment, Doctoral or equivalent, population 25+, female (%) (cumulative);;;;;;;;;;;;;;;;0,694566667;0,761520982;0,751376688;0;0;0;0;0,18152;0,201680005;0,192819998;0;0,295159996;0;0,273767769;0,242516741;0,215419918;0,24479948;0,295116305;
Iraq;IRQ;Educational attainment, Doctoral or equivalent, population 25+, female (%) (cumulative);;;;;;;;;;;;;;;;;;0,074930064;;;;;0,06808877;;;;;;;;;0,113662101;;
Iceland;ISL;Educational attainment, Doctoral or equivalent, population 25+, female (%) (cumulative);;;;;;;;;;;;;;;;;0;0;0;0;0;0;0;0;0,747905552;0,834712207;0,718716681;0,781917274;1,375568628;1,282690048;0,952400029;0,875018835;1,087346911;
Israel;ISR;Educational attainment, Doctoral or equivalent, population 25+, female (%) (cumulative);;;;;;;;;;;;;;;;;;;;;;;1,048859;1,033110023;1,095970035;1,149569988;1,134971976;1,227589726;1,225845218;1,212165833;1,058116317;1,148697972;1,160750389;
Italy;ITA;Educational attainment, Doctoral or equivalent, population 25+, female (%) (cumulative);;;;;;;;;;;;;;;;;0;0;0;0;0;0;0;0;0,312246859;0,307971954;0,2799896;0,370418519;0,372327119;0,370543629;0,376289994;0,403629333;0,386528701;
Jamaica;JAM;Educational attainment, Doctoral or equivalent, population 25+, female (%) (cumulative);;;;;;;;;;;;;;;;;;;;;;;;;;;;;;;;;;
Jordan;JOR;Educational attainment, Doctoral or equivalent, population 25+, female (%) (cumulative);;;;;;;;;;;;;;;;;;;;;;;;;;;;0,254227996;0,24267;0,227591425;0,331010014;0,360481501;;
Japan;JPN;Educational attainment, Doctoral or equivalent, population 25+, female (%) (cumulative);;;;;;;;;;;;;;;;;;;;;;;;;;;;;;;;;;
Kazakhstan;KAZ;Educational attainment, Doctoral or equivalent, population 25+, female (%) (cumulative);;;;;;;;;;;;;;;;;;;;;;;;;;;;;;;;;;
Kenya;KEN;Educational attainment, Doctoral or equivalent, population 25+, female (%) (cumulative);;;;;;;;;;;;;;;;;;;;;;;;;;;;;;0,065342925;;0,074328147;;
Kyrgyz Republic;KGZ;Educational attainment, Doctoral or equivalent, population 25+, female (%) (cumulative);;;;;;;;;;;;;;;;;;;;0,025839999;;;;;0;0;0;0;0;;;;;
Cambodia;KHM;Educational attainment, Doctoral or equivalent, population 25+, female (%) (cumulative);;;;;;;;;;;;;;;;;;;;;;;0;;0,00655;0;0;0;;0;0;0;;
Kiribati;KIR;Educational attainment, Doctoral or equivalent, population 25+, female (%) (cumulative);;;;;;;;;;;;;;;;;;;;;;;;;;0;;;;0;0,060465943;;;
St. Kitts and Nevis;KNA;Educational attainment, Doctoral or equivalent, population 25+, female (%) (cumulative);;;;;;;;;;;;;;;;;;;;;;;;;;;;;;;;;;
Korea, Rep.;KOR;Educational attainment, Doctoral or equivalent, population 25+, female (%) (cumulative);;;;;;;;;;;;;;0;0;0;0;0;0,15322639;0,189173922;0,254590005;0,263214767;0,306432962;0,303243101;0,345906079;0,38933;0,393660188;0,399182111;0,463039756;0,52414;0,563544035;0,558090627;0,506105304;
Kuwait;KWT;Educational attainment, Doctoral or equivalent, population 25+, female (%) (cumulative);;;;;;;;;;;;;;;;;;;;;;;;;;;;;;;;;;
Latin America & Caribbean (excluding high income);LAC;Educational attainment, Doctoral or equivalent, population 25+, female (%) (cumulative);;;;;;;;;;;;;;;;;;;;;;;;;;;;;;;;;;
Lao PDR;LAO;Educational attainment, Doctoral or equivalent, population 25+, female (%) (cumulative);;;;;;;;;;;;;;;;;;;;;0,252929986;;;;;;;0;;;;;;
Lebanon;LBN;Educational attainment, Doctoral or equivalent, population 25+, female (%) (cumulative);;;;;;;;;;;;;;;;;;;;;;;;;;;;;;1,914341688;;;;
Liberia;LBR;Educational attainment, Doctoral or equivalent, population 25+, female (%) (cumulative);;;;;;;;;;;;;;;;;;;;;0;;;;0;;0;0,847843587;;;;;;
Libya;LBY;Educational attainment, Doctoral or equivalent, population 25+, female (%) (cumulative);;;;;;;;;;;;;;;;;;;;;;;;;;;;;;;;;;
St. Lucia;LCA;Educational attainment, Doctoral or equivalent, population 25+, female (%) (cumulative);;;;;;;;;;;;;;;;;;;;;0,202720001;;;;;;;;;;;;;
Latin America & Caribbean;LCN;Educational attainment, Doctoral or equivalent, population 25+, female (%) (cumulative);;;;;;;;;;;;;;;;;;;;;;;;;;;;;;;;;;
Least developed countries: UN classification;LDC;Educational attainment, Doctoral or equivalent, population 25+, female (%) (cumulative);;;;;;;;;;;;;;;;;;;;;;;;;;;;;;;;;;
Low income;LIC;Educational attainment, Doctoral or equivalent, population 25+, female (%) (cumulative);;;;;;;;;;;;;;;;;;;;;;;;;;;;;;;;;;
Liechtenstein;LIE;Educational attainment, Doctoral or equivalent, population 25+, female (%) (cumulative);;;;;;;;;;;;;;;;;;;;;;;;;;;;;;;;;;
Sri Lanka;LKA;Educational attainment, Doctoral or equivalent, population 25+, female (%) (cumulative);;;;;;;;;;;;;;;;;;;;;0;0;;0;0;0;0;0;0;0;0;;;
Lower middle income;LMC;Educational attainment, Doctoral or equivalent, population 25+, female (%) (cumulative);;;;;;;;;;;;;;;;;;;;;;;;;;;;;;;;;;
Low & middle income;LMY;Educational attainment, Doctoral or equivalent, population 25+, female (%) (cumulative);;;;;;;;;;;;;;;;;;;;;;;;;;;;;;;;;;
Lesotho;LSO;Educational attainment, Doctoral or equivalent, population 25+, female (%) (cumulative);;;;;;;;;;;;;;;;;;;;;;;;;;;;;;0,066421963;;;;
Late-demographic dividend;LTE;Educational attainment, Doctoral or equivalent, population 25+, female (%) (cumulative);;;;;;;;;;;;;;;;;;;;;;;;;;;;;;;;;;
Lithuania;LTU;Educational attainment, Doctoral or equivalent, population 25+, female (%) (cumulative);;;;;;;;;;;;;;;;;0;0;0;0;0;0;0;0,435310006;0,442919999;0,493959993;0,488279998;0,605459988;0,439901441;0,534796178;0,817929983;0,659017801;0,628358722;
Luxembourg;LUX;Educational attainment, Doctoral or equivalent, population 25+, female (%) (cumulative);;;;;;;;;;;;;;;;;0;0;0;0;0;0;0;0;0,837436855;1,471661687;1,294252157;1,329570532;1,505998731;1,482969046;1,648237944;2,047461271;2,00053215;
Latvia;LVA;Educational attainment, Doctoral or equivalent, population 25+, female (%) (cumulative);;;;;;;;;;;;;;;;;0;0;0;0;0;0;0;0,53846997;0,49041;0,379889995;0,324919999;0,338176936;0,95122999;0,389800727;0;0;0,365555674;
Macao SAR, China;MAC;Educational attainment, Doctoral or equivalent, population 25+, female (%) (cumulative);;;;;;;;;;;;;;;;;;;;;;;;;9,174311638;;;;;;;;;
St. Martin (French part);MAF;Educational attainment, Doctoral or equivalent, population 25+, female (%) (cumulative);;;;;;;;;;;;;;;;;;;;;;;;;;;;;;;;;;
Morocco;MAR;Educational attainment, Doctoral or equivalent, population 25+, female (%) (cumulative);;;;;;;;;;;;;;;;;;;;;;;;;;;;;;;;;;
Monaco;MCO;Educational attainment, Doctoral or equivalent, population 25+, female (%) (cumulative);;;;;;;;;;;;;;;;;;;;;;;;;;;1,754002929;;;;;;;
Moldova;MDA;Educational attainment, Doctoral or equivalent, population 25+, female (%) (cumulative);;;;;;;;;;;0;0;0;0;0;0;0;0;0;0;0;0,064079255;0,080035411;0,05376;0,074649997;0,209979996;0,217390895;0,139158994;0,173930004;0,162410006;0,149130002;0,147139996;0,114;
Madagascar;MDG;Educational attainment, Doctoral or equivalent, population 25+, female (%) (cumulative);;;;;;;;;;;;;;;;;;;;;;;;;;0;;;0,234339997;;;;;
Maldives;MDV;Educational attainment, Doctoral or equivalent, population 25+, female (%) (cumulative);;;;;;;;;;;;;;;;;;;;;;;;;0,02884306;;0,070447683;;;0;;;;
Middle East & North Africa;MEA;Educational attainment, Doctoral or equivalent, population 25+, female (%) (cumulative);;;;;;;;;;;;;;;;;;;;;;;;;;;;;;;;;;
Mexico;MEX;Educational attainment, Doctoral or equivalent, population 25+, female (%) (cumulative);;;;;;;;;;;;;;;;;;;;;0,098909996;;;0,055349998;0,044210002;0,166989997;0,05435;0,055009998;0,057969999;;0,257959992;;;
Marshall Islands;MHL;Educational attainment, Doctoral or equivalent, population 25+, female (%) (cumulative);;;;;;;;;;;;;;;;;;;;;;0,062830001;;;;;;;;0;;0,158629447;;
Middle income;MIC;Educational attainment, Doctoral or equivalent, population 25+, female (%) (cumulative);;;;;;;;;;;;;;;;;;;;;;;;;;;;;;;;;;
North Macedonia;MKD;Educational attainment, Doctoral or equivalent, population 25+, female (%) (cumulative);;;;;;;;;;;;;;;;0,052029058;0,083708487;0,101304449;0,133427247;0,16285637;0,208149537;0,16417928;0,118445829;0,180568621;0,225861907;0,26793167;0,274854183;0,224225983;0,107151747;0,163199946;0,217889994;0,208474472;0,291236877;
Mali;MLI;Educational attainment, Doctoral or equivalent, population 25+, female (%) (cumulative);;;;;;;;;;;;;;;;;;;;;;;;;;0,101719998;0,01746;0;0,00981;;0,01443;;;
Malta;MLT;Educational attainment, Doctoral or equivalent, population 25+, female (%) (cumulative);;;;;;;;;;;;;;;;;0;0;0;;;;;0,214300007;0,103270002;0,156910002;0,145109996;0,25317198;0,266000003;0,496264338;0,374779999;0,427692264;0,334669232;
Myanmar;MMR;Educational attainment, Doctoral or equivalent, population 25+, female (%) (cumulative);;;;;;;;;;;;;;;;;;;;;;;;;;;;0;0;0,0537;0;;;
Middle East & North Africa (excluding high income);MNA;Educational attainment, Doctoral or equivalent, population 25+, female (%) (cumulative);;;;;;;;;;;;;;;;;;;;;;;;;;;;;;;;;;
Montenegro;MNE;Educational attainment, Doctoral or equivalent, population 25+, female (%) (cumulative);;;;;;;;;;;;;;;;;;;;;;;;;0,205177218;0,093230531;0,249224097;0,324038625;0,299434751;0,33662644;0,111955442;0,511662543;;
Mongolia;MNG;Educational attainment, Doctoral or equivalent, population 25+, female (%) (cumulative);;;;;;;;;;;;;;;;;;0;;;0,211940005;;;0,059954021;0,099177763;0,11509113;0,082536399;0,12288519;0,188876882;0,084530115;0,195350006;0,190063238;0,188972235;
Northern Mariana Islands;MNP;Educational attainment, Doctoral or equivalent, population 25+, female (%) (cumulative);;;;;;;;;;;;;;;;;;;;;;;;;;;;;;;;;;
Mozambique;MOZ;Educational attainment, Doctoral or equivalent, population 25+, female (%) (cumulative);;;;;;;;;;;;;;;;;;;;;;;;;;0;;0,02148;;;0,041390002;;;
Mauritania;MRT;Educational attainment, Doctoral or equivalent, population 25+, female (%) (cumulative);;;;;;;;;;;;;;;;;;;;;;;0;0,062540002;;;;0;;0;;;;
Mauritius;MUS;Educational attainment, Doctoral or equivalent, population 25+, female (%) (cumulative);;;;;;;;;;;;;;;;;;;;;;;0,120235331;0,238773763;0,140170082;0,173092321;0,087370276;0,08317817;0,074887551;0,114407375;0,065464452;0;;
Malawi;MWI;Educational attainment, Doctoral or equivalent, population 25+, female (%) (cumulative);;;;;;;;;;;;;;;;0,143420622;;;;;;0,094384238;;;;;;0,080599576;;;0,059550054;;;
Malaysia;MYS;Educational attainment, Doctoral or equivalent, population 25+, female (%) (cumulative);;;;;;;;;;;;;;;;;;;;;;;;;;;0,214479998;0,298021495;0,254095525;0,258170009;0,281555057;0,318753749;0,161129996;
North America;NAC;Educational attainment, Doctoral or equivalent, population 25+, female (%) (cumulative);;;;;;;;;;;;;;;;;;;;;;;;;;;;;;;;;;
Namibia;NAM;Educational attainment, Doctoral or equivalent, population 25+, female (%) (cumulative);;;;;;;;;;;;;;;;;;;;;;;0;0;0,156978995;;0,866945386;;;;;;;
New Caledonia;NCL;Educational attainment, Doctoral or equivalent, population 25+, female (%) (cumulative);;;;;;;;;;;;;;;;;;;;;;;;;0;;;;;;;;;
Niger;NER;Educational attainment, Doctoral or equivalent, population 25+, female (%) (cumulative);;;;;;;;;;;;;;;;;;;;;;0;0,129950002;;0;;;0;;;;;;
Nigeria;NGA;Educational attainment, Doctoral or equivalent, population 25+, female (%) (cumulative);;;;;;;;;;;;;;;;;;;;;;;;;;;0;;;0,023773761;;;0,294189155;
Nicaragua;NIC;Educational attainment, Doctoral or equivalent, population 25+, female (%) (cumulative);;;;;;;;;;;;;;;;;;;;;;;;;;;;;;;;;;
Netherlands;NLD;Educational attainment, Doctoral or equivalent, population 25+, female (%) (cumulative);;;;;;;;;;;;;;;;;0;0;0;0;0;0;0;0,318360001;0,300099999;0,29866001;0,395649999;0,392684817;0,43739;0,561945081;0,558839977;0,739226103;0,81979543;
Norway;NOR;Educational attainment, Doctoral or equivalent, population 25+, female (%) (cumulative);;;;;;;;;;;;;;;;;0;0;0;0;0;0;0;0;0,674499989;0,74022001;0,804369986;0,835330009;0,845983803;0,917020023;1,247895122;1,036527872;1,255428195;
Nepal;NPL;Educational attainment, Doctoral or equivalent, population 25+, female (%) (cumulative);;;;;;;;;;;;;;;;;;;0;;;;;;;;;0;;;;;;
Nauru;NRU;Educational attainment, Doctoral or equivalent, population 25+, female (%) (cumulative);;;;;;;;;;;;;;;;;;;;;;;;;;;;;;;;0;;
New Zealand;NZL;Educational attainment, Doctoral or equivalent, population 25+, female (%) (cumulative);;;;;;;;;;;;;;;;;;;;;;;;;0,370249987;0,305889994;0,797580004;0,815182805;0,92817539;0,969682097;0,955160022;;;
OECD members;OED;Educational attainment, Doctoral or equivalent, population 25+, female (%) (cumulative);;;;;;;;;;;;;;;;;;;;;;;;;;;;;;;;;;
Oman;OMN;Educational attainment, Doctoral or equivalent, population 25+, female (%) (cumulative);;;;;;;;;;;;;;;;;;;;;0,259079993;;;;;0,376910001;;0,006806326;0,006885809;0,006946437;0,241569996;0,207703799;0,270790011;
Other small states;OSS;Educational attainment, Doctoral or equivalent, population 25+, female (%) (cumulative);;;;;;;;;;;;;;;;;;;;;;;;;;;;;;;;;;
Pakistan;PAK;Educational attainment, Doctoral or equivalent, population 25+, female (%) (cumulative);;;;;;;;;;;;;;;;0,019479904;0;0;0;0;0;0;0,039960001;0,043579999;0,054809999;0,018867668;0,160710573;0,055020001;0,00094;0,01116;;0,009666443;;
Panama;PAN;Educational attainment, Doctoral or equivalent, population 25+, female (%) (cumulative);;;;;;;;0;;;;;;0;;;;;0;;0,198620006;;;;;;;;;0,187979996;;;0,203292891;0,24313274
Peru;PER;Educational attainment, Doctoral or equivalent, population 25+, female (%) (cumulative);;;;;;;;;;;;;;;;;;;;;;;;;;;;;;;;;;
Philippines;PHL;Educational attainment, Doctoral or equivalent, population 25+, female (%) (cumulative);;;;;;;;;;;;;;;;;;;;;;;;;;;;0,039820001;;0,127110004;0,195480004;0,187219918;0,206307262;
Palau;PLW;Educational attainment, Doctoral or equivalent, population 25+, female (%) (cumulative);;;;;;;;;;;;;;;;;;;;;;;;;0;;;;;;0,289645195;;;
Papua New Guinea;PNG;Educational attainment, Doctoral or equivalent, population 25+, female (%) (cumulative);;;;;;;;;;;;;;;;;;;;;;;;;;;;;;;;;;
Poland;POL;Educational attainment, Doctoral or equivalent, population 25+, female (%) (cumulative);;;;;;;;;;;;;;;;;0;0;0;0;0;0;0;0,430590004;0,46766001;0,440833479;0,291729987;0,487594038;0,522777259;0,552276134;0,579710007;0,613315821;0,735368848;
Pre-demographic dividend;PRE;Educational attainment, Doctoral or equivalent, population 25+, female (%) (cumulative);;;;;;;;;;;;;;;;;;;;;;;;;;;;;;;;;;
Puerto Rico;PRI;Educational attainment, Doctoral or equivalent, population 25+, female (%) (cumulative);;;;;;;;;;;;;;;;;;;;;;;0,679509997;;;;;1,018530011;;;;;;
Korea, Dem. People's Rep.;PRK;Educational attainment, Doctoral or equivalent, population 25+, female (%) (cumulative);;;;;;;;;;;;;;;;;;;0,15322639;0,189173922;0,250890464;0,263214767;0,306432962;0,303243101;0,345906079;0,381331027;0,393660188;0,399182111;0,463039756;0,52414;0,563544035;0,558090627;0,506105304;
Portugal;PRT;Educational attainment, Doctoral or equivalent, population 25+, female (%) (cumulative);;;;;;;;;;;;;;;;;0;0;0;0;0;0;0;0;0,425980002;0,385140002;0,419459999;0,516080022;0,545509994;0,644509971;0,67572999;0,712129235;0,712204695;
Paraguay;PRY;Educational attainment, Doctoral or equivalent, population 25+, female (%) (cumulative);;;;;;;;;;;;;;;;;;;;;;;0,04733;0,206149995;0,061840001;0,129040003;0,00971;;0,047800001;0,077189997;0,01048;;;
West Bank and Gaza;PSE;Educational attainment, Doctoral or equivalent, population 25+, female (%) (cumulative);;;;;;;;;;;0,031449981;0,039950702;0,043465927;0,03229532;0,036236241;0,014366338;0,027314341;0,041677099;0;0,017515309;0,038617365;0,060995415;0,040219404;0,068379998;0,04617;0,017890001;0,031789999;0,06002;0,040709998;0,066675618;0,069729999;0,048740406;0,044399999;
Pacific island small states;PSS;Educational attainment, Doctoral or equivalent, population 25+, female (%) (cumulative);;;;;;;;;;;;;;;;;;;;;;;;;;;;;;;;;;
Post-demographic dividend;PST;Educational attainment, Doctoral or equivalent, population 25+, female (%) (cumulative);;;;;;;;;;;;;;;;;;;;;;;;;;;;;;;;;;
French Polynesia;PYF;Educational attainment, Doctoral or equivalent, population 25+, female (%) (cumulative);;;;;;;;;;;;;;;;;;;;;;;;;;;;;;;;;;
Qatar;QAT;Educational attainment, Doctoral or equivalent, population 25+, female (%) (cumulative);;;;;;;;;;;;;;;;;;;;;;;;;0,301228374;0,335698903;0,483949989;0,516990006;0,548481464;0,561502337;0,582083046;0;0,622680008;
Romania;ROU;Educational attainment, Doctoral or equivalent, population 25+, female (%) (cumulative);;;;;;;;;;;;;;;;;0;0;0;0;0;0;0;0;0,084729999;0;0;0;0;0,114102058;0,138414651;0,140461206;0,162898794;
Russian Federation;RUS;Educational attainment, Doctoral or equivalent, population 25+, female (%) (cumulative);;;;;;;;;;;;;;;;;;;;;0,637610018;;;;;;;;;;;1,303300023;;
Rwanda;RWA;Educational attainment, Doctoral or equivalent, population 25+, female (%) (cumulative);;;;;;;;;;;;;;;;;;;;;;;0,01075;;0;;;0,016590802;0;0,015975734;0,020247735;0;0,06016;
South Asia;SAS;Educational attainment, Doctoral or equivalent, population 25+, female (%) (cumulative);;;;;;;;;;;;;;;;;;;;;;;;;;;;;;;;;;
Saudi Arabia;SAU;Educational attainment, Doctoral or equivalent, population 25+, female (%) (cumulative);;;;;;;;;;;;;;;;;;;;;;;;;;;;0,410140008;;;0,66219002;;;
Sudan;SDN;Educational attainment, Doctoral or equivalent, population 25+, female (%) (cumulative);;;;;;;;;;;;;;;;;;;;;;0,352896839;;;;;;;;;;;;
Senegal;SEN;Educational attainment, Doctoral or equivalent, population 25+, female (%) (cumulative);;;;;;;;;;;;;;;;;;;;;;0,135670006;;0,183760002;;0,297585309;0,1224977;0,03861;0,113463268;2,246590376;;;;
Singapore;SGP;Educational attainment, Doctoral or equivalent, population 25+, female (%) (cumulative);;;;;;;;;;;;;;;;;;;;;;;;;0;;;;;;;;;
Solomon Islands;SLB;Educational attainment, Doctoral or equivalent, population 25+, female (%) (cumulative);;;;;;;;;;;;;;;;;;;;;;;;0;;;;;;;;;;
Sierra Leone;SLE;Educational attainment, Doctoral or equivalent, population 25+, female (%) (cumulative);;;;;;;;;;;;;;0;;;;;;;;;;;0;;;;0;;;;;
El Salvador;SLV;Educational attainment, Doctoral or equivalent, population 25+, female (%) (cumulative);;;;;;;;;;;;;;;;;;;;;;;;0,037610002;;;;;;;;;;
San Marino;SMR;Educational attainment, Doctoral or equivalent, population 25+, female (%) (cumulative);;;;;;;;;;;;;;;;;;;;;;;;;;;;;;;;;;
Somalia;SOM;Educational attainment, Doctoral or equivalent, population 25+, female (%) (cumulative);;;;;;;;;;;;;;;;;;;;;;;;;;;;;;;;;;
Serbia;SRB;Educational attainment, Doctoral or equivalent, population 25+, female (%) (cumulative);;;;;;;;;;;;;;;;;;0,195921659;0,109272748;0,219176784;0,232879817;0,253399998;0,292424738;0,242239997;0,250239998;0,286790013;0,330819994;0,307300001;0,378326654;0,362029999;0,467715234;0,435507536;0,408250928;
Sub-Saharan Africa (excluding high income);SSA;Educational attainment, Doctoral or equivalent, population 25+, female (%) (cumulative);;;;;;;;;;;;;;;;;;;;;;;;;;;;;;;;;;
South Sudan;SSD;Educational attainment, Doctoral or equivalent, population 25+, female (%) (cumulative);;;;;;;;;;;;;;;;;;;0,162970006;;;;;;;;;;;;;;;
Sub-Saharan Africa;SSF;Educational attainment, Doctoral or equivalent, population 25+, female (%) (cumulative);;;;;;;;;;;;;;;;;;;;;;;;;;;;;;;;;;
Small states;SST;Educational attainment, Doctoral or equivalent, population 25+, female (%) (cumulative);;;;;;;;;;;;;;;;;;;;;;;;;;;;;;;;;;
Sao Tome and Principe;STP;Educational attainment, Doctoral or equivalent, population 25+, female (%) (cumulative);;;;;;;;;;;;;;;;;;;;;;;0;;;;;;;;;;;
Suriname;SUR;Educational attainment, Doctoral or equivalent, population 25+, female (%) (cumulative);;;;;;;;;;;;;;;;;;;;;;;;;;;;;;;;;;
Slovak Republic;SVK;Educational attainment, Doctoral or equivalent, population 25+, female (%) (cumulative);;;;;;;;;;;;;;;;;0;0;0;0;0;0,930410028;0;0;0,416790009;0,647899985;0,556439996;0,630079985;0,766979992;0,763610005;0,685255468;0,800882518;1,037275076;
Slovenia;SVN;Educational attainment, Doctoral or equivalent, population 25+, female (%) (cumulative);;;;;;;;;;;;;;;;;;;;;;;;;1,39241004;1,792569995;2,382460117;2,853369951;3,2831738;3,888950109;4,390376568;2,896251678;3,060630798;
Sweden;SWE;Educational attainment, Doctoral or equivalent, population 25+, female (%) (cumulative);;;;;;;;;;;;;;;;;0;0;0;0;0;0;0;0,847350001;0,87944001;0,910440028;0,935670018;0,965919971;1,36261785;1,02699995;1,41896832;1,433318615;1,552264571;
Eswatini;SWZ;Educational attainment, Doctoral or equivalent, population 25+, female (%) (cumulative);;;;;;;;;;;;;;;;;;;;;;;;;;;0;;;;;;;
Sint Maarten (Dutch part);SXM;Educational attainment, Doctoral or equivalent, population 25+, female (%) (cumulative);;;;;;;;;;;;;;;;;;;;;;;;;;;;;;;;;;
Seychelles;SYC;Educational attainment, Doctoral or equivalent, population 25+, female (%) (cumulative);;;;;;;;;;;;;;;;;;;;;;;;;;;;;;;;;;
Syrian Arab Republic;SYR;Educational attainment, Doctoral or equivalent, population 25+, female (%) (cumulative);;;;;;;;;;;;;;;;;;;;;;;;;;;;;;;;;;
Turks and Caicos Islands;TCA;Educational attainment, Doctoral or equivalent, population 25+, female (%) (cumulative);;;;;;;;;;;;;;;;;;;;;;;;;;;;;;;;;;
Chad;TCD;Educational attainment, Doctoral or equivalent, population 25+, female (%) (cumulative);;;;;;;;;;;;;;;;;;;;0,00727;;;;;;;;;0;;;;;
East Asia & Pacific (IDA & IBRD countries);TEA;Educational attainment, Doctoral or equivalent, population 25+, female (%) (cumulative);;;;;;;;;;;;;;;;;;;;;;;;;;;;;;;;;;
Europe & Central Asia (IDA & IBRD countries);TEC;Educational attainment, Doctoral or equivalent, population 25+, female (%) (cumulative);;;;;;;;;;;;;;;;;;;;;;;;;;;;;;;;;;
Togo;TGO;Educational attainment, Doctoral or equivalent, population 25+, female (%) (cumulative);;;;;;;;;;;;;;;;;;;;;;0;;;;0;;0;;0,146182999;;;;
Thailand;THA;Educational attainment, Doctoral or equivalent, population 25+, female (%) (cumulative);;;;;;;;;;;;;;;;;;;;;;;;;;;;;0,098339997;0,051630002;;;0,106880002;
Tajikistan;TJK;Educational attainment, Doctoral or equivalent, population 25+, female (%) (cumulative);;;;;;;;;;;;;;;;;;;;;;;;;;;;3,188110113;;;;;;
Turkmenistan;TKM;Educational attainment, Doctoral or equivalent, population 25+, female (%) (cumulative);;;;;;;;;;;;;;;;;;;;;;;;;;;;;;;;;;
Latin America & the Caribbean (IDA & IBRD countries);TLA;Educational attainment, Doctoral or equivalent, population 25+, female (%) (cumulative);;;;;;;;;;;;;;;;;;;;;;;;;;;;;;;;;;
Timor-Leste;TLS;Educational attainment, Doctoral or equivalent, population 25+, female (%) (cumulative);;;;;;;;;;;;;;;;;;;;;;;;;;;0;;;;;0;;
Middle East & North Africa (IDA & IBRD countries);TMN;Educational attainment, Doctoral or equivalent, population 25+, female (%) (cumulative);;;;;;;;;;;;;;;;;;;;;;;;;;;;;;;;;;
Tonga;TON;Educational attainment, Doctoral or equivalent, population 25+, female (%) (cumulative);;;;;;;;;;;;;;;;;;;;;;;;;;;;;0;;;0;;
South Asia (IDA & IBRD);TSA;Educational attainment, Doctoral or equivalent, population 25+, female (%) (cumulative);;;;;;;;;;;;;;;;;;;;;;;;;;;;;;;;;;
Sub-Saharan Africa (IDA & IBRD countries);TSS;Educational attainment, Doctoral or equivalent, population 25+, female (%) (cumulative);;;;;;;;;;;;;;;;;;;;;;;;;;;;;;;;;;
Trinidad and Tobago;TTO;Educational attainment, Doctoral or equivalent, population 25+, female (%) (cumulative);;;;;;;;;;;;;;;;;;;;;;0,180209994;;;;;;;;0;0;0;;
Tunisia;TUN;Educational attainment, Doctoral or equivalent, population 25+, female (%) (cumulative);;;;;;;;;;;;;;;;;;;;;;;;;;;;;;0,731704891;;;;
Turkiye;TUR;Educational attainment, Doctoral or equivalent, population 25+, female (%) (cumulative);;;;;;;;;;;;;;;;;0;0;0;0;0;0;0;0,267839998;0,274789989;0,283450007;0,285829991;0,3389;0,284177214;0,342640013;0,305361152;1,986628056;2,276752949;
Tuvalu;TUV;Educational attainment, Doctoral or equivalent, population 25+, female (%) (cumulative);;;;;;;;;;;;;;;;;;;;;;;;;;;0;0;;;;;;
Tanzania;TZA;Educational attainment, Doctoral or equivalent, population 25+, female (%) (cumulative);;;;;;;;;;;;;;;;;;;0;;0;;0;;;;;;;;0;;;
Uganda;UGA;Educational attainment, Doctoral or equivalent, population 25+, female (%) (cumulative);;;;;;;;;;;;;;;;;;;;;;;0;;;;;0;;;;0;;
Ukraine;UKR;Educational attainment, Doctoral or equivalent, population 25+, female (%) (cumulative);;;;;;;;;;;;0;;;;;;;;;;;;;;;;;;;;;;
Upper middle income;UMC;Educational attainment, Doctoral or equivalent, population 25+, female (%) (cumulative);;;;;;;;;;;;;;;;;;;;;;;;;;;;;;;;;;
Uruguay;URY;Educational attainment, Doctoral or equivalent, population 25+, female (%) (cumulative);;;;;;;;;;;;;;;;;;;;;;;;0,061969999;;;;;;;;;;
United States;USA;Educational attainment, Doctoral or equivalent, population 25+, female (%) (cumulative);;;;;0,520163536;0,524367571;0,557651699;0,586548388;0,613341153;0,652487159;0,687861145;0,690761805;0,701426566;0,754842877;0,797179639;0,80922538;0,851767898;0,820816576;0,870697618;0,917819738;0,974833429;1,084868789;1,120547891;1,18780005;1,264150023;1,36390996;1,481430054;1,531854391;1,642289996;1,678123116;1,760660052;1,798853874;1,894649982;1,921322346
Uzbekistan;UZB;Educational attainment, Doctoral or equivalent, population 25+, female (%) (cumulative);;;;;;;;;;;;;;;;;;;;;;;;;;;;;;;;;;
St. Vincent and the Grenadines;VCT;Educational attainment, Doctoral or equivalent, population 25+, female (%) (cumulative);;;;;;;;;;;;;;;;;;;;;;;;;;;;;;;;;;
Venezuela, RB;VEN;Educational attainment, Doctoral or equivalent, population 25+, female (%) (cumulative);;;;;;;;;;;;;;;;0;0;0;0;0;0;0;0;;;;0;0;;;;;;
British Virgin Islands;VGB;Educational attainment, Doctoral or equivalent, population 25+, female (%) (cumulative);;;;;;;;;;;;;;;;;;;;;;;;;;;;;;;;;;
Virgin Islands (U.S.);VIR;Educational attainment, Doctoral or equivalent, population 25+, female (%) (cumulative);;;;;;;;;;;;;;;;;;;;;;;;;;;;;;;;;;
Viet Nam;VNM;Educational attainment, Doctoral or equivalent, population 25+, female (%) (cumulative);;;;;;;;;;;;;;;;;;;;;;;;;;;;;;0,04025;0,046208266;0,031436764;0,026597474;
Vanuatu;VUT;Educational attainment, Doctoral or equivalent, population 25+, female (%) (cumulative);;;;;;;;;;;;;;;;;0;;;;0;;;;;;;;;0;0,032029212;;;
World;WLD;Educational attainment, Doctoral or equivalent, population 25+, female (%) (cumulative);;;;;;;;;;;;;;;;;;;;;;;;;;;;;;;;;;
Samoa;WSM;Educational attainment, Doctoral or equivalent, population 25+, female (%) (cumulative);;;;;;;;;;;;;;;;;;;;;;;;;;;;;;;;;;
Kosovo;XKX;Educational attainment, Doctoral or equivalent, population 25+, female (%) (cumulative);;;;;;;;;;;;;;;;;;;;;;;;;;;;;;;;;;
Yemen, Rep.;YEM;Educational attainment, Doctoral or equivalent, population 25+, female (%) (cumulative);;;;;;;;;;;;;;;;;;;;;;;;;0;;;;;;;;;
South Africa;ZAF;Educational attainment, Doctoral or equivalent, population 25+, female (%) (cumulative);;;;;;;;;;;;;;;;;;;0;0;0;0;;0;0;0;0;0,259119987;0;0,180690005;0;0,10802;0;
Zambia;ZMB;Educational attainment, Doctoral or equivalent, population 25+, female (%) (cumulative);;;;;;;;;;;;;;;;;;;;;;;;;;;;0;0;0;0;0;;
Zimbabwe;ZWE;Educational attainment, Doctoral or equivalent, population 25+, female (%) (cumulative);;;;;;;;;;;;;;;;;;;;;;;;;;;;0,024730001;;0;;0,13383013;;